FECHA;StateHoliday;REAL CALLS
1/02/2020;0.0;293.0
2/02/2020;0.0;29.0
3/02/2020;0.0;2881.0
4/02/2020;0.0;2776.0
5/02/2020;0.0;2586.0
6/02/2020;0.0;2533.0
7/02/2020;0.0;2295.0
8/02/2020;0.0;276.0
9/02/2020;0.0;39.0
10/02/2020;0.0;3057.0
11/02/2020;0.0;2647.0
12/02/2020;0.0;2554.0
13/02/2020;0.0;2353.0
14/02/2020;0.0;1866.0
15/02/2020;0.0;248.0
16/02/2020;0.0;30.0
17/02/2020;0.0;2638.0
18/02/2020;0.0;2794.0
19/02/2020;0.0;2605.0
20/02/2020;0.0;2482.0
21/02/2020;0.0;2096.0
22/02/2020;0.0;308.0
23/02/2020;0.0;28.0
24/02/2020;0.0;2851.0
25/02/2020;0.0;2589.0
26/02/2020;0.0;2502.0
27/02/2020;0.0;2311.0
28/02/2020;0.0;2081.0
29/02/2020;0.0;242.0
1/03/2020;0.0;41.0
2/03/2020;0.0;3306.0
3/03/2020;0.0;2934.0
4/03/2020;0.0;2725.0
5/03/2020;0.0;2542.0
6/03/2020;0.0;2046.0
7/03/2020;0.0;256.0
8/03/2020;0.0;32.0
9/03/2020;0.0;2901.0
10/03/2020;0.0;2523.0
11/03/2020;0.0;2442.0
12/03/2020;0.0;2416.0
13/03/2020;0.0;2046.0
14/03/2020;0.0;310.0
15/03/2020;0.0;63.0
16/03/2020;0.0;2739.0
17/03/2020;0.0;2699.0
18/03/2020;0.0;2301.0
19/03/2020;0.0;2032.0
20/03/2020;0.0;1877.0
21/03/2020;0.0;343.0
22/03/2020;0.0;76.0
23/03/2020;0.0;2241.0
24/03/2020;0.0;2088.0
25/03/2020;0.0;1837.0
26/03/2020;0.0;1333.0
27/03/2020;0.0;1237.0
28/03/2020;0.0;211.0
29/03/2020;0.0;38.0
30/03/2020;0.0;1665.0
31/03/2020;0.0;1292.0
1/04/2020;0.0;1305.0
2/04/2020;0.0;1214.0
3/04/2020;0.0;1051.0
4/04/2020;0.0;198.0
5/04/2020;0.0;46.0
6/04/2020;0.0;1468.0
7/04/2020;0.0;1249.0
8/04/2020;0.0;1085.0
9/04/2020;0.0;1049.0
10/04/2020;0.0;891.0
11/04/2020;0.0;183.0
12/04/2020;0.0;31.0
13/04/2020;0.0;1459.0
14/04/2020;0.0;1218.0
15/04/2020;0.0;1153.0
16/04/2020;0.0;1094.0
17/04/2020;0.0;1106.0
18/04/2020;0.0;157.0
19/04/2020;0.0;41.0
20/04/2020;0.0;1443.0
21/04/2020;0.0;1198.0
22/04/2020;0.0;1199.0
23/04/2020;0.0;1303.0
24/04/2020;0.0;1188.0
25/04/2020;0.0;183.0
26/04/2020;0.0;31.0
27/04/2020;0.0;1605.0
28/04/2020;0.0;1376.0
29/04/2020;0.0;1816.0
30/04/2020;0.0;1291.0
1/05/2020;0.0;1256.0
2/05/2020;0.0;206.0
3/05/2020;0.0;28.0
4/05/2020;0.0;2003.0
5/05/2020;0.0;1721.0
6/05/2020;0.0;1516.0
7/05/2020;0.0;1505.0
8/05/2020;0.0;1376.0
9/05/2020;0.0;152.0
10/05/2020;0.0;25.0
11/05/2020;0.0;1838.0
12/05/2020;0.0;1608.0
13/05/2020;0.0;1582.0
14/05/2020;0.0;1656.0
15/05/2020;0.0;1473.0
16/05/2020;0.0;178.0
17/05/2020;0.0;50.0
18/05/2020;0.0;2100.0
19/05/2020;0.0;1922.0
20/05/2020;0.0;1862.0
21/05/2020;0.0;1660.0
22/05/2020;0.0;1594.0
23/05/2020;0.0;206.0
24/05/2020;0.0;46.0
25/05/2020;1.0;374.0
26/05/2020;0.0;2327.0
27/05/2020;0.0;2018.0
28/05/2020;0.0;1892.0
29/05/2020;0.0;1745.0
30/05/2020;0.0;202.0
31/05/2020;0.0;44.0
1/06/2020;0.0;2649.0
2/06/2020;0.0;2269.0
3/06/2020;0.0;1976.0
4/06/2020;0.0;2027.0
5/06/2020;0.0;1914.0
6/06/2020;0.0;234.0
7/06/2020;0.0;42.0
8/06/2020;0.0;2883.0
9/06/2020;0.0;2307.0
10/06/2020;0.0;2339.0
11/06/2020;0.0;2097.0
12/06/2020;0.0;1960.0
13/06/2020;0.0;219.0
14/06/2020;0.0;36.0
15/06/2020;0.0;2559.0
16/06/2020;0.0;2434.0
17/06/2020;0.0;2271.0
18/06/2020;0.0;2220.0
19/06/2020;0.0;2001.0
20/06/2020;0.0;289.0
21/06/2020;0.0;59.0
22/06/2020;0.0;2883.0
23/06/2020;0.0;3138.0
24/06/2020;0.0;3754.0
25/06/2020;0.0;3151.0
26/06/2020;0.0;2118.0
27/06/2020;0.0;276.0
28/06/2020;0.0;51.0
29/06/2020;0.0;3179.0
30/06/2020;0.0;2809.0
1/07/2020;0.0;2694.0
2/07/2020;0.0;2348.0
3/07/2020;0.0;1101.0
4/07/2020;1.0;196.0
5/07/2020;0.0;53.0
6/07/2020;0.0;3166.0
7/07/2020;0.0;3148.0
8/07/2020;0.0;2789.0
9/07/2020;0.0;2485.0
10/07/2020;0.0;2199.0
11/07/2020;0.0;286.0
12/07/2020;0.0;62.0
13/07/2020;0.0;3124.0
14/07/2020;0.0;2837.0
15/07/2020;0.0;2482.0
16/07/2020;0.0;2262.0
17/07/2020;0.0;2101.0
18/07/2020;0.0;255.0
19/07/2020;0.0;50.0
20/07/2020;0.0;2775.0
21/07/2020;0.0;2348.0
22/07/2020;0.0;2314.0
23/07/2020;0.0;2208.0
24/07/2020;0.0;2009.0
25/07/2020;0.0;257.0
26/07/2020;0.0;50.0
27/07/2020;0.0;2820.0
28/07/2020;0.0;2641.0
29/07/2020;0.0;2434.0
30/07/2020;0.0;2293.0
31/07/2020;0.0;1959.0
1/08/2020;0.0;287.0
2/08/2020;0.0;43.0
3/08/2020;0.0;3124.0
4/08/2020;0.0;2584.0
5/08/2020;0.0;2498.0
6/08/2020;0.0;2334.0
7/08/2020;0.0;2017.0
8/08/2020;0.0;258.0
9/08/2020;0.0;54.0
10/08/2020;0.0;3048.0
11/08/2020;0.0;2590.0
12/08/2020;0.0;2526.0
13/08/2020;0.0;2300.0
14/08/2020;0.0;2110.0
15/08/2020;0.0;287.0
16/08/2020;0.0;41.0
17/08/2020;0.0;2822.0
18/08/2020;0.0;2455.0
19/08/2020;0.0;2409.0
20/08/2020;0.0;2239.0
21/08/2020;0.0;2009.0
22/08/2020;0.0;228.0
23/08/2020;0.0;37.0
24/08/2020;0.0;2895.0
25/08/2020;0.0;2568.0
26/08/2020;0.0;2441.0
27/08/2020;0.0;2292.0
28/08/2020;0.0;2118.0
29/08/2020;0.0;263.0
30/08/2020;0.0;36.0
31/08/2020;0.0;2896.0
1/09/2020;0.0;2780.0
2/09/2020;0.0;2479.0
3/09/2020;0.0;2412.0
4/09/2020;0.0;2038.0
5/09/2020;0.0;264.0
6/09/2020;0.0;41.0
7/09/2020;1.0;453.0
8/09/2020;0.0;2955.0
9/09/2020;0.0;2614.0
10/09/2020;0.0;2441.0
11/09/2020;0.0;2272.0
12/09/2020;0.0;302.0
13/09/2020;0.0;41.0
14/09/2020;0.0;3010.0
15/09/2020;0.0;2604.0
16/09/2020;0.0;2622.0
17/09/2020;0.0;2432.0
18/09/2020;0.0;2194.0
19/09/2020;0.0;233.0
20/09/2020;0.0;41.0
21/09/2020;0.0;2875.0
22/09/2020;0.0;2774.0
23/09/2020;0.0;2709.0
24/09/2020;0.0;2427.0
25/09/2020;0.0;2176.0
26/09/2020;0.0;256.0
27/09/2020;0.0;50.0
28/09/2020;0.0;2933.0
29/09/2020;0.0;2905.0
30/09/2020;0.0;2421.0
1/10/2020;0.0;2626.0
2/10/2020;0.0;2219.0
3/10/2020;0.0;292.0
4/10/2020;0.0;45.0
5/10/2020;0.0;3341.0
6/10/2020;0.0;2998.0
7/10/2020;0.0;3022.0
8/10/2020;0.0;2660.0
9/10/2020;0.0;2349.0
10/10/2020;0.0;306.0
11/10/2020;0.0;48.0
12/10/2020;0.0;3275.0
13/10/2020;0.0;2991.0
14/10/2020;0.0;3116.0
15/10/2020;0.0;2844.0
16/10/2020;0.0;2581.0
17/10/2020;0.0;258.0
18/10/2020;0.0;46.0
19/10/2020;0.0;3520.0
20/10/2020;0.0;3357.0
21/10/2020;0.0;3174.0
22/10/2020;0.0;2635.0
23/10/2020;0.0;2194.0
24/10/2020;0.0;329.0
25/10/2020;0.0;36.0
26/10/2020;0.0;3144.0
27/10/2020;0.0;2712.0
28/10/2020;0.0;2567.0
29/10/2020;0.0;2557.0
30/10/2020;0.0;2192.0
31/10/2020;0.0;251.0
1/11/2020;0.0;33.0
2/11/2020;0.0;3298.0
3/11/2020;0.0;2592.0
4/11/2020;0.0;2521.0
5/11/2020;0.0;2549.0
6/11/2020;0.0;2426.0
7/11/2020;0.0;322.0
8/11/2020;0.0;106.0
9/11/2020;0.0;2873.0
10/11/2020;0.0;2825.0
11/11/2020;1.0;2800.0
12/11/2020;0.0;2567.0
13/11/2020;0.0;2295.0
14/11/2020;0.0;306.0
15/11/2020;0.0;116.0
16/11/2020;0.0;3022.0
17/11/2020;0.0;2819.0
18/11/2020;0.0;2722.0
19/11/2020;0.0;2557.0
20/11/2020;0.0;2223.0
21/11/2020;0.0;279.0
22/11/2020;0.0;107.0
23/11/2020;0.0;2726.0
24/11/2020;0.0;2376.0
25/11/2020;0.0;1951.0
26/11/2020;1.0;174.0
27/11/2020;2.0;1062.0
28/11/2020;0.0;245.0
29/11/2020;0.0;81.0
30/11/2020;0.0;3071.0
1/12/2020;0.0;2648.0
2/12/2020;0.0;2597.0
3/12/2020;0.0;2540.0
4/12/2020;0.0;2273.0
5/12/2020;0.0;328.0
6/12/2020;0.0;101.0
7/12/2020;0.0;3039.0
8/12/2020;0.0;2647.0
9/12/2020;0.0;2503.0
10/12/2020;0.0;2398.0
11/12/2020;0.0;2191.0
12/12/2020;0.0;348.0
13/12/2020;0.0;120.0
14/12/2020;0.0;2985.0
15/12/2020;0.0;2626.0
16/12/2020;0.0;2556.0
17/12/2020;0.0;2230.0
18/12/2020;0.0;2002.0
19/12/2020;0.0;264.0
20/12/2020;0.0;96.0
21/12/2020;0.0;2530.0
22/12/2020;0.0;2169.0
23/12/2020;0.0;1825.0
24/12/2020;0.0;828.0
25/12/2020;1.0;68.0
26/12/2020;0.0;266.0
27/12/2020;0.0;127.0
28/12/2020;0.0;2607.0
29/12/2020;0.0;2124.0
30/12/2020;0.0;1992.0
31/12/2020;0.0;1168.0
1/01/2021;1.0;237.0
2/01/2021;0.0;378.0
3/01/2021;0.0;151.0
4/01/2021;0.0;4001.0
5/01/2021;0.0;3471.0
6/01/2021;0.0;3193.0
7/01/2021;0.0;3001.0
8/01/2021;0.0;2856.0
9/01/2021;0.0;395.0
10/01/2021;0.0;131.0
11/01/2021;0.0;3874.0
12/01/2021;0.0;3490.0
13/01/2021;0.0;3014.0
14/01/2021;0.0;2873.0
15/01/2021;0.0;2509.0
16/01/2021;0.0;351.0
17/01/2021;0.0;127.0
18/01/2021;1.0;2875.0
19/01/2021;0.0;3370.0
20/01/2021;0.0;2914.0
21/01/2021;0.0;3022.0
22/01/2021;0.0;2573.0
23/01/2021;0.0;354.0
24/01/2021;0.0;113.0
25/01/2021;0.0;3722.0
26/01/2021;0.0;3218.0
27/01/2021;0.0;3224.0
28/01/2021;0.0;2904.0
29/01/2021;0.0;2538.0
30/01/2021;0.0;370.0
31/01/2021;0.0;125.0
1/02/2021;0.0;3684.0
2/02/2021;0.0;3139.0
3/02/2021;0.0;3093.0
4/02/2021;0.0;2954.0
5/02/2021;0.0;2765.0
6/02/2021;0.0;349.0
7/02/2021;0.0;117.0
8/02/2021;0.0;3577.0
9/02/2021;0.0;3550.0
10/02/2021;0.0;3034.0
11/02/2021;0.0;2793.0
12/02/2021;0.0;2516.0
13/02/2021;0.0;296.0
14/02/2021;0.0;106.0
15/02/2021;0.0;3172.0
16/02/2021;0.0;3153.0
17/02/2021;0.0;3227.0
18/02/2021;0.0;3086.0
19/02/2021;0.0;2539.0
20/02/2021;0.0;257.0
21/02/2021;0.0;81.0
22/02/2021;0.0;3505.0
23/02/2021;0.0;3103.0
24/02/2021;0.0;3055.0
25/02/2021;0.0;2910.0
26/02/2021;0.0;2596.0
27/02/2021;0.0;356.0
28/02/2021;0.0;114.0
1/03/2021;0.0;3797.0
2/03/2021;0.0;3419.0
3/03/2021;0.0;3259.0
4/03/2021;0.0;3130.0
5/03/2021;0.0;2889.0
6/03/2021;0.0;391.0
7/03/2021;0.0;144.0
8/03/2021;0.0;3959.0
9/03/2021;0.0;3481.0
10/03/2021;0.0;3942.0
11/03/2021;0.0;3818.0
12/03/2021;0.0;3661.0
13/03/2021;0.0;444.0
14/03/2021;0.0;148.0
15/03/2021;0.0;4070.0
16/03/2021;0.0;2652.0
17/03/2021;0.0;3991.0
18/03/2021;0.0;3595.0
19/03/2021;0.0;3233.0
20/03/2021;0.0;408.0
21/03/2021;0.0;155.0
22/03/2021;0.0;4441.0
23/03/2021;0.0;3720.0
24/03/2021;0.0;3950.0
25/03/2021;0.0;3462.0
26/03/2021;0.0;2935.0
27/03/2021;0.0;418.0
28/03/2021;0.0;117.0
29/03/2021;0.0;4351.0
30/03/2021;0.0;4506.0
31/03/2021;0.0;3687.0
1/04/2021;0.0;3244.0
2/04/2021;0.0;2278.0
3/04/2021;0.0;370.0
4/04/2021;0.0;88.0
5/04/2021;0.0;4494.0
6/04/2021;0.0;4043.0
7/04/2021;0.0;3730.0
8/04/2021;0.0;3769.0
9/04/2021;0.0;3204.0
10/04/2021;0.0;352.0
11/04/2021;0.0;94.0
12/04/2021;0.0;3893.0
13/04/2021;0.0;3752.0
14/04/2021;0.0;3421.0
15/04/2021;0.0;3025.0
16/04/2021;0.0;2749.0
17/04/2021;0.0;340.0
18/04/2021;0.0;99.0
19/04/2021;0.0;3588.0
20/04/2021;0.0;3258.0
21/04/2021;0.0;2948.0
22/04/2021;0.0;2788.0
23/04/2021;0.0;2532.0
24/04/2021;0.0;317.0
25/04/2021;0.0;61.0
26/04/2021;0.0;3331.0
27/04/2021;0.0;3141.0
28/04/2021;0.0;2941.0
29/04/2021;0.0;2831.0
30/04/2021;0.0;2425.0
1/05/2021;0.0;301.0
2/05/2021;0.0;93.0
3/05/2021;0.0;3709.0
4/05/2021;0.0;3265.0
5/05/2021;0.0;3167.0
6/05/2021;0.0;2900.0
7/05/2021;0.0;2601.0
8/05/2021;0.0;287.0
9/05/2021;0.0;83.0
10/05/2021;0.0;3573.0
11/05/2021;0.0;3218.0
12/05/2021;0.0;3259.0
13/05/2021;0.0;2955.0
14/05/2021;0.0;2710.0
15/05/2021;0.0;320.0
16/05/2021;0.0;95.0
17/05/2021;0.0;3582.0
18/05/2021;0.0;3324.0
19/05/2021;0.0;3138.0
20/05/2021;0.0;2823.0
21/05/2021;0.0;2493.0
22/05/2021;0.0;320.0
23/05/2021;0.0;96.0
24/05/2021;0.0;3550.0
25/05/2021;0.0;3343.0
26/05/2021;0.0;2879.0
27/05/2021;0.0;2790.0
28/05/2021;0.0;2297.0
29/05/2021;0.0;266.0
30/05/2021;0.0;82.0
31/05/2021;1.0;511.0
1/06/2021;0.0;3637.0
2/06/2021;0.0;3433.0
3/06/2021;0.0;2941.0
4/06/2021;0.0;2513.0
5/06/2021;0.0;325.0
6/06/2021;0.0;119.0
7/06/2021;0.0;3751.0
8/06/2021;0.0;3195.0
9/06/2021;0.0;2962.0
10/06/2021;0.0;2748.0
11/06/2021;0.0;2514.0
12/06/2021;0.0;316.0
13/06/2021;0.0;98.0
14/06/2021;0.0;3597.0
15/06/2021;0.0;3149.0
16/06/2021;0.0;2815.0
17/06/2021;0.0;2688.0
18/06/2021;0.0;2330.0
19/06/2021;0.0;280.0
20/06/2021;0.0;91.0
21/06/2021;0.0;3757.0
22/06/2021;0.0;3270.0
23/06/2021;0.0;2957.0
24/06/2021;0.0;2739.0
25/06/2021;0.0;2489.0
26/06/2021;0.0;348.0
27/06/2021;0.0;72.0
28/06/2021;0.0;3510.0
29/06/2021;0.0;3049.0
30/06/2021;0.0;2925.0
1/07/2021;0.0;2656.0
2/07/2021;0.0;2339.0
3/07/2021;0.0;275.0
4/07/2021;1.0;102.0
5/07/2021;2.0;1019.0
6/07/2021;0.0;3474.0
7/07/2021;0.0;3204.0
8/07/2021;0.0;3016.0
9/07/2021;0.0;2734.0
10/07/2021;0.0;343.0
11/07/2021;0.0;140.0
12/07/2021;0.0;3763.0
13/07/2021;0.0;3227.0
14/07/2021;0.0;3098.0
15/07/2021;0.0;2853.0
16/07/2021;0.0;2523.0
17/07/2021;0.0;328.0
18/07/2021;0.0;120.0
19/07/2021;0.0;3421.0
20/07/2021;0.0;3083.0
21/07/2021;0.0;2902.0
22/07/2021;0.0;2766.0
23/07/2021;0.0;2351.0
24/07/2021;0.0;369.0
25/07/2021;0.0;137.0
26/07/2021;0.0;3381.0
27/07/2021;0.0;2969.0
28/07/2021;0.0;2860.0
29/07/2021;0.0;2879.0
30/07/2021;0.0;2572.0
31/07/2021;0.0;389.0
1/08/2021;0.0;133.0
2/08/2021;0.0;3697.0
3/08/2021;0.0;3353.0
4/08/2021;0.0;3136.0
5/08/2021;0.0;2882.0
6/08/2021;0.0;2619.0
7/08/2021;0.0;398.0
8/08/2021;0.0;151.0
9/08/2021;0.0;3873.0
10/08/2021;0.0;3388.0
11/08/2021;0.0;3075.0
12/08/2021;0.0;2904.0
13/08/2021;0.0;2615.0
14/08/2021;0.0;364.0
15/08/2021;0.0;140.0
16/08/2021;0.0;3588.0
17/08/2021;0.0;3279.0
18/08/2021;0.0;3040.0
19/08/2021;0.0;3031.0
20/08/2021;0.0;2640.0
21/08/2021;0.0;376.0
22/08/2021;0.0;177.0
23/08/2021;0.0;3767.0
24/08/2021;0.0;3344.0
25/08/2021;0.0;3237.0
26/08/2021;0.0;3014.0
27/08/2021;0.0;2587.0
28/08/2021;0.0;372.0
29/08/2021;0.0;127.0
30/08/2021;0.0;3948.0
31/08/2021;0.0;3376.0
1/09/2021;0.0;3534.0
2/09/2021;0.0;3070.0
3/09/2021;0.0;2570.0
4/09/2021;0.0;341.0
5/09/2021;0.0;98.0
6/09/2021;1.0;598.0
7/09/2021;0.0;4037.0
8/09/2021;0.0;3567.0
9/09/2021;0.0;3360.0
10/09/2021;0.0;2958.0
11/09/2021;0.0;356.0
12/09/2021;0.0;108.0
13/09/2021;0.0;3847.0
14/09/2021;0.0;3418.0
15/09/2021;0.0;2884.0
16/09/2021;0.0;2832.0
17/09/2021;0.0;2535.0
18/09/2021;0.0;292.0
19/09/2021;0.0;127.0
20/09/2021;0.0;3830.0
21/09/2021;0.0;3288.0
22/09/2021;0.0;3071.0
23/09/2021;0.0;2963.0
24/09/2021;0.0;2647.0
25/09/2021;0.0;280.0
26/09/2021;0.0;102.0
27/09/2021;0.0;4073.0
28/09/2021;0.0;3546.0
29/09/2021;0.0;3160.0
30/09/2021;0.0;3107.0
1/10/2021;0.0;2581.0
2/10/2021;0.0;296.0
3/10/2021;0.0;124.0
4/10/2021;0.0;3716.0
5/10/2021;0.0;3341.0
6/10/2021;0.0;3148.0
7/10/2021;0.0;3024.0
8/10/2021;0.0;2601.0
9/10/2021;0.0;287.0
10/10/2021;0.0;108.0
11/10/2021;0.0;3761.0
12/10/2021;0.0;3575.0
13/10/2021;0.0;3235.0
14/10/2021;0.0;3090.0
15/10/2021;0.0;2680.0
16/10/2021;0.0;336.0
17/10/2021;0.0;100.0
18/10/2021;0.0;3646.0
19/10/2021;0.0;3256.0
20/10/2021;0.0;3376.0
21/10/2021;0.0;2927.0
22/10/2021;0.0;2782.0
23/10/2021;0.0;351.0
24/10/2021;0.0;115.0
25/10/2021;0.0;3589.0
26/10/2021;0.0;3152.0
27/10/2021;0.0;3036.0
28/10/2021;0.0;2933.0
29/10/2021;0.0;2371.0
30/10/2021;0.0;315.0
31/10/2021;0.0;86.0
1/11/2021;0.0;3442.0
2/11/2021;0.0;3229.0
3/11/2021;0.0;2991.0
4/11/2021;0.0;2911.0
5/11/2021;0.0;2576.0
6/11/2021;0.0;307.0
7/11/2021;0.0;99.0
8/11/2021;0.0;3318.0
9/11/2021;0.0;3256.0
10/11/2021;0.0;3029.0
11/11/2021;1.0;2496.0
12/11/2021;0.0;2453.0
13/11/2021;0.0;313.0
14/11/2021;0.0;99.0
15/11/2021;0.0;3392.0
16/11/2021;0.0;2886.0
17/11/2021;0.0;2878.0
18/11/2021;0.0;2688.0
19/11/2021;0.0;2335.0
20/11/2021;0.0;292.0
21/11/2021;0.0;90.0
22/11/2021;0.0;2884.0
23/11/2021;0.0;2440.0
24/11/2021;0.0;2035.0
25/11/2021;1.0;102.0
26/11/2021;2.0;876.0
27/11/2021;0.0;241.0
28/11/2021;0.0;97.0
29/11/2021;0.0;3395.0
30/11/2021;0.0;3082.0
1/12/2021;0.0;2923.0
2/12/2021;0.0;2793.0
3/12/2021;0.0;2394.0
4/12/2021;0.0;325.0
5/12/2021;0.0;111.0
6/12/2021;0.0;3524.0
7/12/2021;0.0;2974.0
8/12/2021;0.0;2769.0
9/12/2021;0.0;2727.0
10/12/2021;0.0;2551.0
11/12/2021;0.0;348.0
12/12/2021;0.0;117.0
13/12/2021;0.0;3653.0
14/12/2021;0.0;3139.0
15/12/2021;0.0;2878.0
16/12/2021;0.0;2523.0
17/12/2021;0.0;2248.0
18/12/2021;0.0;330.0
19/12/2021;0.0;118.0
20/12/2021;0.0;2828.0
21/12/2021;0.0;2596.0
22/12/2021;0.0;2373.0
23/12/2021;2.0;2005.0
24/12/2021;2.0;593.0
25/12/2021;1.0;130.0
26/12/2021;0.0;227.0
27/12/2021;0.0;3142.0
28/12/2021;0.0;2913.0
29/12/2021;0.0;2655.0
30/12/2021;0.0;2432.0
31/12/2021;0.0;787.0
1/01/2022;1.0;275.0
2/01/2022;0.0;265.0
3/01/2022;0.0;4498.0
4/01/2022;0.0;3765.0
5/01/2022;0.0;3805.0
6/01/2022;0.0;3113.0
7/01/2022;0.0;2992.0
8/01/2022;0.0;491.0
9/01/2022;0.0;210.0
10/01/2022;0.0;4619.0
11/01/2022;0.0;3600.0
12/01/2022;0.0;3676.0
13/01/2022;0.0;3481.0
14/01/2022;0.0;3296.0
15/01/2022;0.0;457.0
16/01/2022;0.0;128.0
17/01/2022;1.0;3054.0
18/01/2022;0.0;3489.0
19/01/2022;0.0;3279.0
20/01/2022;0.0;3201.0
21/01/2022;0.0;2798.0
22/01/2022;0.0;371.0
23/01/2022;0.0;98.0
24/01/2022;0.0;3957.0
25/01/2022;0.0;3463.0
26/01/2022;0.0;3376.0
27/01/2022;0.0;3262.0
28/01/2022;0.0;2778.0
29/01/2022;0.0;311.0
30/01/2022;0.0;95.0
31/01/2022;0.0;3804.0
1/02/2022;0.0;3799.0
2/02/2022;0.0;3697.0
3/02/2022;0.0;3593.0
4/02/2022;0.0;3193.0
5/02/2022;0.0;344.0
6/02/2022;0.0;114.0
7/02/2022;0.0;4564.0
8/02/2022;0.0;3764.0
9/02/2022;0.0;3529.0
10/02/2022;0.0;3403.0
11/02/2022;0.0;3003.0
12/02/2022;0.0;325.0
13/02/2022;0.0;113.0
14/02/2022;0.0;3725.0
15/02/2022;0.0;3556.0
16/02/2022;0.0;3720.0
17/02/2022;0.0;3438.0
18/02/2022;0.0;2883.0
19/02/2022;0.0;356.0
20/02/2022;0.0;124.0
21/02/2022;0.0;3728.0
22/02/2022;0.0;3466.0
23/02/2022;0.0;3298.0
24/02/2022;0.0;3183.0
25/02/2022;0.0;2895.0
26/02/2022;0.0;306.0
27/02/2022;0.0;124.0
28/02/2022;0.0;3906.0
1/03/2022;0.0;3560.0
2/03/2022;0.0;3519.0
3/03/2022;0.0;3248.0
4/03/2022;0.0;2971.0
5/03/2022;0.0;354.0
6/03/2022;0.0;100.0
7/03/2022;0.0;3885.0
8/03/2022;0.0;3608.0
9/03/2022;0.0;3338.0
10/03/2022;0.0;3183.0
11/03/2022;0.0;2794.0
12/03/2022;0.0;309.0
13/03/2022;0.0;87.0
14/03/2022;0.0;3706.0
15/03/2022;0.0;3508.0
16/03/2022;0.0;3186.0
17/03/2022;0.0;2789.0
18/03/2022;0.0;2593.0
19/03/2022;0.0;263.0
20/03/2022;0.0;83.0
21/03/2022;0.0;3733.0
22/03/2022;0.0;3193.0
23/03/2022;0.0;3091.0
24/03/2022;0.0;3117.0
25/03/2022;0.0;2723.0
26/03/2022;0.0;250.0
27/03/2022;0.0;101.0
28/03/2022;0.0;3565.0
29/03/2022;0.0;3226.0
30/03/2022;0.0;3141.0
31/03/2022;0.0;2975.0
1/04/2022;0.0;2672.0
2/04/2022;0.0;291.0
3/04/2022;0.0;89.0
4/04/2022;0.0;3641.0
5/04/2022;0.0;3255.0
6/04/2022;0.0;3123.0
7/04/2022;0.0;2870.0
8/04/2022;0.0;2753.0
9/04/2022;0.0;280.0
10/04/2022;0.0;81.0
11/04/2022;0.0;3700.0
12/04/2022;0.0;3505.0
13/04/2022;0.0;3156.0
14/04/2022;0.0;2765.0
15/04/2022;0.0;2093.0
16/04/2022;0.0;310.0
17/04/2022;0.0;78.0
18/04/2022;0.0;3711.0
19/04/2022;0.0;3407.0
20/04/2022;0.0;3179.0
21/04/2022;0.0;2958.0
22/04/2022;0.0;2615.0
23/04/2022;0.0;270.0
24/04/2022;0.0;136.0
25/04/2022;0.0;3666.0
26/04/2022;0.0;3240.0
27/04/2022;0.0;3061.0
28/04/2022;0.0;3059.0
29/04/2022;0.0;2681.0
30/04/2022;0.0;325.0
1/05/2022;0.0;108.0
2/05/2022;0.0;3745.0
3/05/2022;0.0;3429.0
4/05/2022;0.0;3113.0
5/05/2022;0.0;2939.0
6/05/2022;0.0;2607.0
7/05/2022;0.0;317.0
8/05/2022;0.0;82.0
9/05/2022;0.0;3837.0
10/05/2022;0.0;3414.0
11/05/2022;0.0;3381.0
12/05/2022;0.0;3118.0
13/05/2022;0.0;2748.0
14/05/2022;0.0;334.0
15/05/2022;0.0;94.0
16/05/2022;0.0;3618.0
17/05/2022;0.0;3509.0
18/05/2022;0.0;3356.0
19/05/2022;0.0;3130.0
20/05/2022;0.0;2669.0
21/05/2022;0.0;393.0
22/05/2022;0.0;114.0
23/05/2022;0.0;3707.0
24/05/2022;0.0;3282.0
25/05/2022;0.0;3183.0
26/05/2022;0.0;2880.0
27/05/2022;0.0;2497.0
28/05/2022;0.0;327.0
29/05/2022;0.0;114.0
30/05/2022;1.0;552.0
31/05/2022;0.0;3614.0
1/06/2022;0.0;3457.0
2/06/2022;0.0;3204.0
3/06/2022;0.0;2735.0
4/06/2022;0.0;374.0
5/06/2022;0.0;117.0
6/06/2022;0.0;3686.0
7/06/2022;0.0;3383.0
8/06/2022;0.0;3254.0
9/06/2022;0.0;3031.0
10/06/2022;0.0;2520.0
11/06/2022;0.0;318.0
12/06/2022;0.0;110.0
13/06/2022;0.0;3638.0
14/06/2022;0.0;3412.0
15/06/2022;0.0;3079.0
16/06/2022;0.0;2927.0
17/06/2022;0.0;2693.0
18/06/2022;0.0;333.0
19/06/2022;0.0;109.0
20/06/2022;0.0;3280.0
21/06/2022;0.0;3295.0
22/06/2022;0.0;3052.0
23/06/2022;0.0;3097.0
24/06/2022;0.0;2641.0
25/06/2022;0.0;351.0
26/06/2022;0.0;103.0
27/06/2022;0.0;3784.0
28/06/2022;0.0;3340.0
29/06/2022;0.0;3133.0
30/06/2022;0.0;2802.0
1/07/2022;0.0;2572.0
2/07/2022;0.0;319.0
3/07/2022;0.0;110.0
4/07/2022;1.0;295.0
5/07/2022;0.0;3747.0
6/07/2022;0.0;3417.0
7/07/2022;0.0;3234.0
8/07/2022;0.0;2919.0
9/07/2022;0.0;388.0
10/07/2022;0.0;111.0
11/07/2022;0.0;3993.0
12/07/2022;0.0;3414.0
13/07/2022;0.0;3168.0
14/07/2022;0.0;3088.0
15/07/2022;0.0;2792.0
16/07/2022;0.0;335.0
17/07/2022;0.0;110.0
18/07/2022;0.0;3705.0
19/07/2022;0.0;3239.0
20/07/2022;0.0;3096.0
21/07/2022;0.0;2884.0
22/07/2022;0.0;2656.0
23/07/2022;0.0;296.0
24/07/2022;0.0;114.0
25/07/2022;0.0;3604.0
26/07/2022;0.0;3046.0
27/07/2022;0.0;3025.0
28/07/2022;0.0;2728.0
29/07/2022;0.0;2549.0
30/07/2022;0.0;310.0
31/07/2022;0.0;111.0
1/08/2022;0.0;3534.0
2/08/2022;0.0;3304.0
3/08/2022;0.0;3132.0
4/08/2022;0.0;2842.0
5/08/2022;0.0;2564.0
6/08/2022;0.0;324.0
7/08/2022;0.0;104.0
8/08/2022;0.0;3612.0
9/08/2022;0.0;3152.0
10/08/2022;0.0;3056.0
11/08/2022;0.0;2815.0
12/08/2022;0.0;2753.0
13/08/2022;0.0;335.0
14/08/2022;0.0;198.0
15/08/2022;0.0;3465.0
16/08/2022;0.0;3203.0
17/08/2022;0.0;2998.0
18/08/2022;0.0;2893.0
19/08/2022;0.0;2638.0
20/08/2022;0.0;310.0
21/08/2022;0.0;101.0
22/08/2022;0.0;3499.0
23/08/2022;0.0;3039.0
24/08/2022;0.0;3119.0
25/08/2022;0.0;2898.0
26/08/2022;0.0;2435.0
27/08/2022;0.0;293.0
28/08/2022;0.0;86.0
29/08/2022;0.0;3435.0
30/08/2022;0.0;3055.0
31/08/2022;0.0;2923.0
1/09/2022;0.0;2807.0
2/09/2022;0.0;2421.0
3/09/2022;0.0;286.0
4/09/2022;0.0;100.0
5/09/2022;1.0;511.0
6/09/2022;0.0;3478.0
7/09/2022;0.0;3317.0
8/09/2022;0.0;3094.0
9/09/2022;0.0;2771.0
10/09/2022;0.0;348.0
11/09/2022;0.0;121.0
12/09/2022;0.0;3734.0
13/09/2022;0.0;3252.0
14/09/2022;0.0;3011.0
15/09/2022;0.0;2885.0
16/09/2022;0.0;2549.0
17/09/2022;0.0;302.0
18/09/2022;0.0;94.0
19/09/2022;0.0;3686.0
20/09/2022;0.0;3155.0
21/09/2022;0.0;3056.0
22/09/2022;0.0;2689.0
23/09/2022;0.0;2485.0
24/09/2022;0.0;296.0
25/09/2022;0.0;91.0
26/09/2022;0.0;3110.0
27/09/2022;0.0;2616.0
28/09/2022;0.0;1482.0
29/09/2022;0.0;2092.0
30/09/2022;0.0;2297.0
1/10/2022;0.0;319.0
2/10/2022;0.0;127.0
3/10/2022;0.0;3798.0
4/10/2022;0.0;3268.0
5/10/2022;0.0;3072.0
6/10/2022;0.0;2869.0
7/10/2022;0.0;2704.0
8/10/2022;0.0;325.0
9/10/2022;0.0;97.0
10/10/2022;0.0;3480.0
11/10/2022;0.0;3117.0
12/10/2022;0.0;3167.0
13/10/2022;0.0;3074.0
14/10/2022;0.0;2592.0
15/10/2022;0.0;378.0
16/10/2022;0.0;130.0
17/10/2022;0.0;3673.0
18/10/2022;0.0;3359.0
19/10/2022;0.0;3158.0
20/10/2022;0.0;2931.0
21/10/2022;0.0;2677.0
22/10/2022;0.0;380.0
23/10/2022;0.0;125.0
24/10/2022;0.0;3672.0
25/10/2022;0.0;3303.0
26/10/2022;0.0;3185.0
27/10/2022;0.0;2942.0
28/10/2022;0.0;2463.0
29/10/2022;0.0;334.0
30/10/2022;0.0;112.0
31/10/2022;0.0;3446.0
1/11/2022;0.0;3188.0
2/11/2022;0.0;3175.0
3/11/2022;0.0;2970.0
4/11/2022;0.0;2731.0
5/11/2022;0.0;362.0
6/11/2022;0.0;142.0
7/11/2022;0.0;3857.0
8/11/2022;0.0;3226.0
9/11/2022;0.0;2897.0
10/11/2022;0.0;2670.0
11/11/2022;1.0;2621.0
12/11/2022;0.0;369.0
13/11/2022;0.0;138.0
14/11/2022;0.0;3738.0
15/11/2022;0.0;3366.0
16/11/2022;0.0;3287.0
17/11/2022;0.0;2922.0
18/11/2022;0.0;2561.0
19/11/2022;0.0;395.0
20/11/2022;0.0;123.0
21/11/2022;0.0;2973.0
22/11/2022;0.0;2758.0
23/11/2022;0.0;2185.0
24/11/2022;1.0;115.0
25/11/2022;2.0;1059.0
26/11/2022;0.0;401.0
27/11/2022;0.0;150.0
28/11/2022;0.0;3978.0
29/11/2022;0.0;3772.0
30/11/2022;0.0;3894.0
1/12/2022;0.0;2658.0
2/12/2022;0.0;2384.0
3/12/2022;0.0;352.0
4/12/2022;0.0;91.0
5/12/2022;0.0;3266.0
6/12/2022;0.0;2870.0
7/12/2022;0.0;2808.0
8/12/2022;0.0;2538.0
9/12/2022;0.0;2174.0
10/12/2022;0.0;327.0
11/12/2022;0.0;116.0
12/12/2022;0.0;3168.0
13/12/2022;0.0;2706.0
14/12/2022;0.0;2745.0
15/12/2022;0.0;2369.0
16/12/2022;0.0;2082.0
17/12/2022;0.0;308.0
18/12/2022;0.0;62.0
19/12/2022;0.0;3032.0
20/12/2022;0.0;2457.0
21/12/2022;0.0;2258.0
22/12/2022;0.0;1903.0
23/12/2022;0.0;1433.0
24/12/2022;0.0;134.0
25/12/2022;1.0;28.0
26/12/2022;2.0;859.0
27/12/2022;0.0;2364.0
28/12/2022;0.0;2261.0
29/12/2022;0.0;2388.0
30/12/2022;0.0;1746.0
31/12/2022;0.0;233.0
1/01/2023;1.0;78.0
2/01/2023;2.0;1579.0
3/01/2023;0.0;3284.0
4/01/2023;0.0;3180.0
5/01/2023;0.0;3108.0
6/01/2023;0.0;2735.0
7/01/2023;0.0;405.0
8/01/2023;0.0;105.0
9/01/2023;0.0;3955.0
10/01/2023;0.0;3422.0
11/01/2023;0.0;3154.0
12/01/2023;0.0;3023.0
13/01/2023;0.0;2711.0
14/01/2023;0.0;386.0
15/01/2023;0.0;106.0
16/01/2023;1.0;2940.0
17/01/2023;0.0;3619.0
18/01/2023;0.0;3302.0
19/01/2023;0.0;3065.0
20/01/2023;0.0;2746.0
21/01/2023;0.0;379.0
22/01/2023;0.0;92.0
23/01/2023;0.0;4364.0
24/01/2023;0.0;3689.0
25/01/2023;0.0;3740.0
26/01/2023;0.0;3496.0
27/01/2023;0.0;2988.0
28/01/2023;0.0;382.0
29/01/2023;0.0;101.0
30/01/2023;0.0;4169.0
31/01/2023;0.0;3654.0
1/02/2023;0.0;3755.0
2/02/2023;0.0;3723.0
3/02/2023;0.0;3168.0
4/02/2023;0.0;418.0
5/02/2023;0.0;129.0
6/02/2023;0.0;4343.0
7/02/2023;0.0;3931.0
8/02/2023;0.0;3738.0
9/02/2023;0.0;3671.0
10/02/2023;0.0;2993.0
11/02/2023;0.0;407.0
12/02/2023;0.0;85.0
13/02/2023;0.0;4251.0
14/02/2023;0.0;3318.0
15/02/2023;0.0;3640.0
16/02/2023;0.0;3640.0
17/02/2023;0.0;3081.0
18/02/2023;0.0;439.0
19/02/2023;0.0;97.0
20/02/2023;0.0;3915.0
21/02/2023;0.0;3893.0
22/02/2023;0.0;3729.0
23/02/2023;0.0;3476.0
24/02/2023;0.0;3032.0
25/02/2023;0.0;437.0
26/02/2023;0.0;113.0
27/02/2023;0.0;4243.0
28/02/2023;0.0;3960.0
1/03/2023;0.0;3641.0
2/03/2023;0.0;3607.0
3/03/2023;0.0;3160.0
4/03/2023;0.0;438.0
5/03/2023;0.0;110.0
6/03/2023;0.0;4496.0
7/03/2023;0.0;3954.0
8/03/2023;0.0;3659.0
9/03/2023;0.0;3301.0
10/03/2023;0.0;3004.0
11/03/2023;0.0;257.0
12/03/2023;0.0;104.0
13/03/2023;0.0;4339.0
14/03/2023;0.0;3650.0
15/03/2023;0.0;3591.0
16/03/2023;0.0;3273.0
17/03/2023;0.0;3076.0
18/03/2023;0.0;384.0
19/03/2023;0.0;122.0
20/03/2023;0.0;4787.0
21/03/2023;0.0;3850.0
22/03/2023;0.0;4176.0
23/03/2023;0.0;4005.0
24/03/2023;0.0;3435.0
25/03/2023;0.0;402.0
26/03/2023;0.0;124.0
27/03/2023;0.0;4150.0
28/03/2023;0.0;3768.0
29/03/2023;0.0;3612.0
30/03/2023;0.0;3436.0
31/03/2023;0.0;3270.0
1/04/2023;0.0;423.0
2/04/2023;0.0;101.0
3/04/2023;0.0;4648.0
4/04/2023;0.0;3972.0
5/04/2023;0.0;3799.0
6/04/2023;0.0;3384.0
7/04/2023;0.0;2498.0
8/04/2023;0.0;287.0
9/04/2023;0.0;63.0
10/04/2023;0.0;4460.0
11/04/2023;0.0;4020.0
12/04/2023;0.0;3763.0
13/04/2023;0.0;3431.0
14/04/2023;0.0;3087.0
15/04/2023;0.0;373.0
16/04/2023;0.0;102.0
17/04/2023;0.0;4330.0
18/04/2023;0.0;3776.0
19/04/2023;0.0;3628.0
20/04/2023;0.0;3415.0
21/04/2023;0.0;3077.0
22/04/2023;0.0;337.0
23/04/2023;0.0;76.0
24/04/2023;0.0;4224.0
25/04/2023;0.0;3661.0
26/04/2023;0.0;3594.0
27/04/2023;0.0;3288.0
28/04/2023;0.0;3082.0
29/04/2023;0.0;352.0
30/04/2023;0.0;86.0
1/05/2023;0.0;4457.0
2/05/2023;0.0;3939.0
3/05/2023;0.0;3558.0
4/05/2023;0.0;3528.0
5/05/2023;0.0;2987.0
6/05/2023;0.0;370.0
7/05/2023;0.0;104.0
8/05/2023;0.0;4458.0
9/05/2023;0.0;3886.0
10/05/2023;0.0;3708.0
11/05/2023;0.0;3627.0
12/05/2023;0.0;3048.0
13/05/2023;0.0;272.0
14/05/2023;0.0;68.0
15/05/2023;0.0;4273.0
16/05/2023;0.0;3848.0
17/05/2023;0.0;3815.0
18/05/2023;0.0;3412.0
19/05/2023;0.0;3222.0
20/05/2023;0.0;400.0
21/05/2023;0.0;108.0
22/05/2023;0.0;4730.0
23/05/2023;0.0;3964.0
24/05/2023;0.0;3874.0
25/05/2023;0.0;3552.0
26/05/2023;0.0;3127.0
27/05/2023;0.0;492.0
28/05/2023;0.0;97.0
29/05/2023;1.0;742.0
30/05/2023;0.0;4708.0
31/05/2023;0.0;4076.0
1/06/2023;0.0;4102.0
2/06/2023;0.0;3814.0
3/06/2023;0.0;495.0
4/06/2023;0.0;165.0
5/06/2023;0.0;5075.0
6/06/2023;0.0;4455.0
7/06/2023;0.0;4300.0
8/06/2023;0.0;4065.0
9/06/2023;0.0;3571.0
10/06/2023;0.0;384.0
11/06/2023;0.0;135.0
12/06/2023;0.0;4885.0
13/06/2023;0.0;4028.0
14/06/2023;0.0;4089.0
15/06/2023;0.0;3844.0
16/06/2023;0.0;3379.0
17/06/2023;0.0;406.0
18/06/2023;0.0;108.0
19/06/2023;0.0;3810.0
20/06/2023;0.0;4109.0
21/06/2023;0.0;3894.0
22/06/2023;0.0;3618.0
23/06/2023;0.0;3352.0
24/06/2023;0.0;380.0
25/06/2023;0.0;101.0
26/06/2023;0.0;4453.0
27/06/2023;0.0;3963.0
28/06/2023;0.0;3786.0
29/06/2023;0.0;3500.0
30/06/2023;0.0;3127.0
1/07/2023;0.0;407.0
2/07/2023;0.0;125.0
3/07/2023;0.0;3675.0
4/07/2023;1.0;462.0
5/07/2023;0.0;4454.0
6/07/2023;0.0;4006.0
7/07/2023;0.0;3620.0
8/07/2023;0.0;449.0
9/07/2023;0.0;139.0
10/07/2023;0.0;4801.0
11/07/2023;0.0;4161.0
12/07/2023;0.0;3854.0
13/07/2023;0.0;3593.0
14/07/2023;0.0;3186.0
15/07/2023;0.0;349.0
16/07/2023;0.0;121.0
17/07/2023;0.0;4456.0
18/07/2023;0.0;4182.0
19/07/2023;0.0;3966.0
20/07/2023;0.0;3772.0
21/07/2023;0.0;3157.0
22/07/2023;0.0;444.0
23/07/2023;0.0;138.0
24/07/2023;0.0;4504.0
25/07/2023;0.0;4111.0
26/07/2023;0.0;3799.0
27/07/2023;0.0;3765.0
28/07/2023;0.0;3255.0
29/07/2023;0.0;401.0
30/07/2023;0.0;103.0
31/07/2023;0.0;4642.0
1/08/2023;0.0;4100.0
2/08/2023;0.0;3970.0
3/08/2023;0.0;3826.0
4/08/2023;0.0;3494.0
5/08/2023;0.0;416.0
6/08/2023;0.0;123.0
7/08/2023;0.0;4657.0
8/08/2023;0.0;4110.0
9/08/2023;0.0;3969.0
10/08/2023;0.0;3670.0
11/08/2023;0.0;3176.0
12/08/2023;0.0;396.0
13/08/2023;0.0;116.0
14/08/2023;0.0;4547.0
15/08/2023;0.0;4134.0
16/08/2023;0.0;4107.0
17/08/2023;0.0;3625.0
18/08/2023;0.0;3286.0
19/08/2023;0.0;409.0
20/08/2023;0.0;116.0
21/08/2023;0.0;4431.0
22/08/2023;0.0;4080.0
23/08/2023;0.0;4265.0
24/08/2023;0.0;3793.0
25/08/2023;0.0;3156.0
26/08/2023;0.0;380.0
27/08/2023;0.0;127.0
28/08/2023;0.0;4616.0
29/08/2023;0.0;3893.0
30/08/2023;0.0;3328.0
31/08/2023;0.0;3912.0
1/09/2023;0.0;3470.0
2/09/2023;0.0;355.0
3/09/2023;0.0;97.0
4/09/2023;1.0;727.0
5/09/2023;0.0;5343.0
6/09/2023;0.0;4652.0
7/09/2023;0.0;3941.0
8/09/2023;0.0;3801.0
9/09/2023;0.0;413.0
10/09/2023;0.0;133.0
11/09/2023;0.0;5079.0
12/09/2023;0.0;4329.0
13/09/2023;0.0;4219.0
14/09/2023;0.0;4073.0
15/09/2023;0.0;3527.0
16/09/2023;0.0;414.0
17/09/2023;0.0;130.0
18/09/2023;0.0;4832.0
19/09/2023;0.0;3976.0
20/09/2023;0.0;4028.0
21/09/2023;0.0;3703.0
22/09/2023;0.0;3262.0
23/09/2023;0.0;378.0
24/09/2023;0.0;107.0
25/09/2023;0.0;4521.0
26/09/2023;0.0;4167.0
27/09/2023;0.0;3982.0
28/09/2023;0.0;3696.0
29/09/2023;0.0;3345.0
30/09/2023;0.0;409.0
1/10/2023;0.0;140.0
2/10/2023;0.0;4606.0
3/10/2023;0.0;4371.0
4/10/2023;0.0;4050.0
5/10/2023;0.0;3769.0
6/10/2023;0.0;3415.0
7/10/2023;0.0;407.0
8/10/2023;0.0;106.0
9/10/2023;0.0;4706.0
10/10/2023;0.0;5575.0
11/10/2023;0.0;4191.0
12/10/2023;0.0;4073.0
13/10/2023;0.0;3677.0
14/10/2023;0.0;414.0
15/10/2023;0.0;112.0
16/10/2023;0.0;4850.0
17/10/2023;0.0;4357.0
18/10/2023;0.0;4041.0
19/10/2023;0.0;3863.0
20/10/2023;0.0;3383.0
21/10/2023;0.0;406.0
22/10/2023;0.0;108.0
23/10/2023;0.0;4220.0
24/10/2023;0.0;3555.0
25/10/2023;0.0;3220.0
26/10/2023;0.0;3191.0
27/10/2023;0.0;2930.0
28/10/2023;0.0;393.0
29/10/2023;0.0;119.0
